--
-- JBoss, Home of Professional Open Source
-- Copyright 2013, Red Hat, Inc. and/or its affiliates, and individual
-- contributors by the @authors tag. See the copyright.txt in the
-- distribution for a full listing of individual contributors.
--
-- Licensed under the Apache License, Version 2.0 (the License);
-- you may not use this file except in compliance with the License.
-- You may obtain a copy of the License at
-- http://www.apache.org/licenses/LICENSE-2.0
-- Unless required by applicable law or agreed to in writing, software
-- distributed under the License is distributed on an AS IS BASIS,
-- WITHOUT WARRANTIES OR CONDITIONS OF ANY KIND, either express or implied.
-- See the License for the specific language governing permissions and
-- limitations under the License.
--

-- You can use this file to load seed data into the database using SQL statements
INSERT INTO user (ID, USERNAME, PASSWORD, SALT, FIRST_NAME, LAST_NAME, PHONE, ACTIVE, DATE_CREATED, TOKEN) VALUES (0, 'example@example.com', NULL, NULL, 'anonymous', 'anonumpus', '0', 0, '2014-10-18 20:00:00', NULL);
INSERT INTO user (ID, USERNAME, PASSWORD, SALT, FIRST_NAME, LAST_NAME, PHONE, ACTIVE, DATE_CREATED, TOKEN) VALUES (1, 'notreal@mail.ru', 'f34ae573a52c6bed3c17e94b0d180268fd88123d282c780122a8e9695011c7c9', 'f64bff18-6101-49ed-a3ad-c6fc75152837', 'Oleg', 'Sorokin', '123', 1, '2014-11-27 18:20:13', 'be497192-65db-4e56-bf54-2f7cc4df71e5');
INSERT INTO user (ID, USERNAME, PASSWORD, SALT, FIRST_NAME, LAST_NAME, PHONE, ACTIVE, DATE_CREATED, TOKEN) VALUES (2, 'oleg@setco.ru', '54531464dc14d9ec00c3fc391445679b961c0f524ebdda09d9f4272d056f0253', '17ffad89-7e96-4538-98ab-be0f01c7eb8b','Олег', 'Сорокин', '7755529', 1, '2014-10-28 19:00:08', 'fe3301b3-3eb4-4260-8824-87e5de00928d');
INSERT INTO user (ID, USERNAME, PASSWORD, SALT, FIRST_NAME, LAST_NAME, PHONE, ACTIVE, DATE_CREATED, TOKEN) VALUES (3, 'kavkaz@kavkaz', 'f896fdd0d117f53140364532e519fc1c58d44e7376e9fb383656b952f4583e8b', '446d820c-ef2f-4c00-aaac-61ba83ac8d5b', 'Kavkaz', 'Manager', '123', 1, '2014-11-27 18:14:47', '2320c12a-eb00-421e-b264-da03beda89cc');
INSERT INTO user (ID, USERNAME, PASSWORD, SALT, FIRST_NAME, LAST_NAME, PHONE, ACTIVE, DATE_CREATED, TOKEN) VALUES (4, 'krym@krym', 'b64d2ed9657666e6f80f69c3dd06db4c6a105dfbed5f3d951caa894857b635c0', '941cd3bc-0773-4659-a3ec-24a367104870', 'Krym', 'Manager', '123', 1, '2014-11-27 18:15:33', 'dbf84bec-d455-4545-8764-70f5dd097f02');
ALTER TABLE user ALTER COLUMN ID RESTART WITH 5;

INSERT INTO ROLE (ID, NAME) VALUES (1,'admin');
INSERT INTO ROLE (ID, NAME) VALUES (2,'user');
INSERT INTO ROLE (ID, NAME) VALUES (3,'kavkaz_manager');
INSERT INTO ROLE (ID, NAME) VALUES (4,'krym_manager');
ALTER TABLE ROLE ALTER COLUMN ID RESTART WITH 5;

INSERT INTO USER_HAS_ROLE (USER_ID, ROLE_ID) VALUES (1,1);
INSERT INTO USER_HAS_ROLE (USER_ID, ROLE_ID) VALUES (2,2);
INSERT INTO USER_HAS_ROLE (USER_ID, ROLE_ID) VALUES (3,3);
INSERT INTO USER_HAS_ROLE (USER_ID, ROLE_ID) VALUES (4,4);

INSERT INTO ROUTE (ID, NAME) VALUES (1,'kavkaz_krym');
INSERT INTO ROUTE (ID, NAME) VALUES (2,'krym_kavkaz');
ALTER TABLE ROUTE ALTER COLUMN ID RESTART WITH 3;

INSERT INTO CATEGORY (ID, NAME) VALUES (1,'man');
INSERT INTO CATEGORY (ID, NAME) VALUES (2,'vehicle');
ALTER TABLE CATEGORY ALTER COLUMN ID RESTART WITH 3;

INSERT INTO TICKET (ID, NAME, PRICE, DESCRIPTION, LAST_UPDATE, DATA_LABEL, CATEGORY_ID) VALUES (1,'adult',162.00,'','2014-12-19 11:36:38','',1);
INSERT INTO TICKET (ID, NAME, PRICE, DESCRIPTION, LAST_UPDATE, DATA_LABEL, CATEGORY_ID) VALUES (2,'child1',0.00,'','2014-12-19 11:36:38','',1);
INSERT INTO TICKET (ID, NAME, PRICE, DESCRIPTION, LAST_UPDATE, DATA_LABEL, CATEGORY_ID) VALUES (3,'child2',81.00,'','2014-12-19 11:36:38','',1);
INSERT INTO TICKET (ID, NAME, PRICE, DESCRIPTION, LAST_UPDATE, DATA_LABEL, CATEGORY_ID) VALUES (4,'child3',162.00,'','2014-12-19 11:36:45','',1);
INSERT INTO TICKET (ID, NAME, PRICE, DESCRIPTION, LAST_UPDATE, DATA_LABEL, CATEGORY_ID) VALUES (5,'avto1',1190.00,'','2014-12-19 11:36:38','',2);
INSERT INTO TICKET (ID, NAME, PRICE, DESCRIPTION, LAST_UPDATE, DATA_LABEL, CATEGORY_ID) VALUES (6,'avto2',1688.00,'','2014-12-19 11:36:38','',2);
INSERT INTO TICKET (ID, NAME, PRICE, DESCRIPTION, LAST_UPDATE, DATA_LABEL, CATEGORY_ID) VALUES (7,'avto3',2486.00,'','2014-12-19 08:35:41','',2);
INSERT INTO TICKET (ID, NAME, PRICE, DESCRIPTION, LAST_UPDATE, DATA_LABEL, CATEGORY_ID) VALUES (8,'trailer1',623.00,'','2014-12-19 08:35:02','',2);
INSERT INTO TICKET (ID, NAME, PRICE, DESCRIPTION, LAST_UPDATE, DATA_LABEL, CATEGORY_ID) VALUES (9,'trailer2',1069.00,'','2014-12-19 08:35:02','',2);
INSERT INTO TICKET (ID, NAME, PRICE, DESCRIPTION, LAST_UPDATE, DATA_LABEL, CATEGORY_ID) VALUES (10,'trailer3',1704.00,'','2014-12-19 08:35:02','',2);
INSERT INTO TICKET (ID, NAME, PRICE, DESCRIPTION, LAST_UPDATE, DATA_LABEL, CATEGORY_ID) VALUES (11,'trailer4',2267.00,'','2014-12-19 08:35:02','',2);
INSERT INTO TICKET (ID, NAME, PRICE, DESCRIPTION, LAST_UPDATE, DATA_LABEL, CATEGORY_ID) VALUES (12,'bus1',2632.00,'','2014-12-19 08:31:57','',2);
INSERT INTO TICKET (ID, NAME, PRICE, DESCRIPTION, LAST_UPDATE, DATA_LABEL, CATEGORY_ID) VALUES (13,'bus2',3919.00,'','2014-12-19 08:31:57','',2);
INSERT INTO TICKET (ID, NAME, PRICE, DESCRIPTION, LAST_UPDATE, DATA_LABEL, CATEGORY_ID) VALUES (14,'bus3',5057.00,'','2014-12-19 08:32:57','',2);
INSERT INTO TICKET (ID, NAME, PRICE, DESCRIPTION, LAST_UPDATE, DATA_LABEL, CATEGORY_ID) VALUES (15,'bus4',5057.00,'','2014-12-19 08:32:57','',2);
INSERT INTO TICKET (ID, NAME, PRICE, DESCRIPTION, LAST_UPDATE, DATA_LABEL, CATEGORY_ID) VALUES (16,'trailer101',2401.00,'','2014-12-19 08:32:57','',2);
INSERT INTO TICKET (ID, NAME, PRICE, DESCRIPTION, LAST_UPDATE, DATA_LABEL, CATEGORY_ID) VALUES (17,'trailer102',3073.00,'','2014-12-19 08:32:57','',2);
INSERT INTO TICKET (ID, NAME, PRICE, DESCRIPTION, LAST_UPDATE, DATA_LABEL, CATEGORY_ID) VALUES (18,'trailer103',3887.00,'','2014-12-19 08:32:57','',2);
INSERT INTO TICKET (ID, NAME, PRICE, DESCRIPTION, LAST_UPDATE, DATA_LABEL, CATEGORY_ID) VALUES (19,'trailer104',5733.00,'','2014-12-19 08:32:57','',2);
INSERT INTO TICKET (ID, NAME, PRICE, DESCRIPTION, LAST_UPDATE, DATA_LABEL, CATEGORY_ID) VALUES (20,'trailer105',19470.00,'','2014-12-19 08:32:57','',2);
INSERT INTO TICKET (ID, NAME, PRICE, DESCRIPTION, LAST_UPDATE, DATA_LABEL, CATEGORY_ID) VALUES (21,'skuter',462.00,'','2014-12-19 08:27:09','',2);
INSERT INTO TICKET (ID, NAME, PRICE, DESCRIPTION, LAST_UPDATE, DATA_LABEL, CATEGORY_ID) VALUES (22,'tricycle',514.00,'','2014-12-19 08:27:09','',2);
INSERT INTO TICKET (ID, NAME, PRICE, DESCRIPTION, LAST_UPDATE, DATA_LABEL, CATEGORY_ID) VALUES (23,'skuter1',623.00,'','2014-12-19 08:27:09','',2);
INSERT INTO TICKET (ID, NAME, PRICE, DESCRIPTION, LAST_UPDATE, DATA_LABEL, CATEGORY_ID) VALUES (24,'atv',547.00,'','2014-12-19 08:27:09','',2);
INSERT INTO TICKET (ID, NAME, PRICE, DESCRIPTION, LAST_UPDATE, DATA_LABEL, CATEGORY_ID) VALUES (25,'bike',109.00,'','2014-12-19 08:27:09','',2);
ALTER TABLE TICKET ALTER COLUMN ID RESTART WITH 26;

INSERT INTO SUPPORTING_DOCUMENT (ID, NAME, CATEGORY_ID, DOC_TYPE) VALUES (1,'Паспорт гражданина Российской федерации',1,0);
INSERT INTO SUPPORTING_DOCUMENT (ID, NAME, CATEGORY_ID, DOC_TYPE) VALUES (2,'Паспорт моряка',1,1);
INSERT INTO SUPPORTING_DOCUMENT (ID, NAME, CATEGORY_ID, DOC_TYPE) VALUES (3,'Общегражданский заграничный паспорт гражданин',1,2);
INSERT INTO SUPPORTING_DOCUMENT (ID, NAME, CATEGORY_ID, DOC_TYPE) VALUES (4,'Паспорт иностранного гражданина',1,3);
INSERT INTO SUPPORTING_DOCUMENT (ID, NAME, CATEGORY_ID, DOC_TYPE) VALUES (5,'Свидетельство о рождении',1,4);
INSERT INTO SUPPORTING_DOCUMENT (ID, NAME, CATEGORY_ID, DOC_TYPE) VALUES (6,'Удостоверение личности военнослужащего',1,5);
INSERT INTO SUPPORTING_DOCUMENT (ID, NAME, CATEGORY_ID, DOC_TYPE) VALUES (7,'Удостоверение личности лица без гражданства',1,6);
INSERT INTO SUPPORTING_DOCUMENT (ID, NAME, CATEGORY_ID, DOC_TYPE) VALUES (8,'Временное удостоверение личности, выдаваемое ',1,7);
INSERT INTO SUPPORTING_DOCUMENT (ID, NAME, CATEGORY_ID, DOC_TYPE) VALUES (9,'Военный билет военнослужащего срочной службы',1,8);
INSERT INTO SUPPORTING_DOCUMENT (ID, NAME, CATEGORY_ID, DOC_TYPE) VALUES (10,'Вид на жительство иностранного гражданина или',1,9);
INSERT INTO SUPPORTING_DOCUMENT (ID, NAME, CATEGORY_ID, DOC_TYPE) VALUES (11,'Справка об освобождении из мест лишения свобо',1,10);
INSERT INTO SUPPORTING_DOCUMENT (ID, NAME, CATEGORY_ID, DOC_TYPE) VALUES (12,'Паспорт гражданина СССР',1,11);
INSERT INTO SUPPORTING_DOCUMENT (ID, NAME, CATEGORY_ID, DOC_TYPE) VALUES (13,'Паспорт дипломатический',1,12);
INSERT INTO SUPPORTING_DOCUMENT (ID, NAME, CATEGORY_ID, DOC_TYPE) VALUES (14,'Паспорт служебный (кроме паспорта моряка и ди',1,13);
INSERT INTO SUPPORTING_DOCUMENT (ID, NAME, CATEGORY_ID, DOC_TYPE) VALUES (15,'Свидетельство о возвращении из стран СНГ',1,14);
INSERT INTO SUPPORTING_DOCUMENT (ID, NAME, CATEGORY_ID, DOC_TYPE) VALUES (16,'Справка об утере паспорта',1,15);
INSERT INTO SUPPORTING_DOCUMENT (ID, NAME, CATEGORY_ID, DOC_TYPE) VALUES (17,'Удостоверение депутата',1,16);
INSERT INTO SUPPORTING_DOCUMENT (ID, NAME, CATEGORY_ID, DOC_TYPE) VALUES (25,'СТС',2,25);
INSERT INTO SUPPORTING_DOCUMENT (ID, NAME, CATEGORY_ID, DOC_TYPE) VALUES (26,'ПТС',2,26);
ALTER TABLE SUPPORTING_DOCUMENT ALTER COLUMN ID RESTART WITH 27;

INSERT INTO CUSTOMER_ORDER (ID, AMOUNT, DATE_CREATED, CONFIRMATION_NUMBER, FIRST_NAME, LAST_NAME, EMAIL, PHONE, ROUTE_ID, USER_ID) VALUES (1,162.00,'2014-12-27 17:30:43',1,'Anonymous','-','example@example.com','111-222-333',2,0);
INSERT INTO CUSTOMER_ORDER (ID, AMOUNT, DATE_CREATED, CONFIRMATION_NUMBER, FIRST_NAME, LAST_NAME, EMAIL, PHONE, ROUTE_ID, USER_ID) VALUES (2,162.00,'2014-12-27 17:32:58',2,'Олег','Сорокин','oleg@setco.ru','123',1,2);
ALTER TABLE CUSTOMER_ORDER ALTER COLUMN ID RESTART WITH 3;

INSERT INTO ORDERED_TICKET (ID, SUPPORTING_DOCUMENT_DATA, TICKET_ID, CUSTOMER_ORDER_ID, FIRST_NAME, LAST_NAME, MIDDLE_NAME, DOB, LICENSE_PLATE, SUPPORTING_DOCUMENT_ID) VALUES (1,'11',1,2,'11','11','11','2014-12-28', '', 12);
INSERT INTO ORDERED_TICKET (ID, SUPPORTING_DOCUMENT_DATA, TICKET_ID, CUSTOMER_ORDER_ID, FIRST_NAME, LAST_NAME, MIDDLE_NAME, DOB, LICENSE_PLATE, SUPPORTING_DOCUMENT_ID) VALUES (2,'123',2,2,'В','В','В','1961-09-25', '', 12);
INSERT INTO ORDERED_TICKET (ID, SUPPORTING_DOCUMENT_DATA, TICKET_ID, CUSTOMER_ORDER_ID, FIRST_NAME, LAST_NAME, MIDDLE_NAME, DOB, LICENSE_PLATE, SUPPORTING_DOCUMENT_ID) VALUES (3,'111',1,2,'Олег','С','И','1961-08-03', '111-XXX', 25);
ALTER TABLE ORDERED_TICKET ALTER COLUMN ID RESTART WITH 4;